{
	"class_name" : "PinholeCameraParameters",
	"extrinsic" : 
	[
		0.90902158670944933,
		0.36806767170556409,
		-0.1954634081905873,
		0.0,
		-0.26065533452514694,
		0.86809304335537485,
		0.4224609622930704,
		0.0,
		0.32517464765848336,
		-0.33307755421710483,
		0.8850541177786434,
		0.0,
		-71.757423721849477,
		46.774622965761495,
		216.28748099512646,
		1.0
	],
	"intrinsic" : 
	{
		"height" : 1080,
		"intrinsic_matrix" : 
		[
			935.30743608719376,
			0.0,
			0.0,
			0.0,
			935.30743608719376,
			0.0,
			539.5,
			539.5,
			1.0
		],
		"width" : 1080
	},
	"version_major" : 1,
	"version_minor" : 0
}