{
	"class_name" : "PinholeCameraParameters",
	"extrinsic" : 
	[
		0.91724833469882638,
		0.22753277231458452,
		-0.32693169013582857,
		0.0,
		-0.16922738629340026,
		0.96563509245360124,
		0.1972586118536514,
		0.0,
		0.36057951164831076,
		-0.1256093378095938,
		0.92423195683470127,
		0.0,
		-21.695252405553667,
		10.093371161407788,
		44.010458074737159,
		1.0
	],
	"intrinsic" : 
	{
		"height" : 1016,
		"intrinsic_matrix" : 
		[
			879.88181024498977,
			0.0,
			0.0,
			0.0,
			879.88181024498977,
			0.0,
			924.5,
			507.5,
			1.0
		],
		"width" : 1850
	},
	"version_major" : 1,
	"version_minor" : 0
}