{
	"class_name" : "PinholeCameraParameters",
	"extrinsic" : 
	[
		0.95056649158993645,
		-0.082905090824244618,
		-0.29924921216575168,
		0.0,
		0.076958461795475996,
		0.99653264367768302,
		-0.031624124380642958,
		0.0,
		0.30083340942201481,
		0.0070310739003272629,
		0.95365078712038753,
		0.0,
		-17.467387767647008,
		3.5277629300155566,
		25.568458601002835,
		1.0
	],
	"intrinsic" : 
	{
		"height" : 1016,
		"intrinsic_matrix" : 
		[
			879.88181024498977,
			0.0,
			0.0,
			0.0,
			879.88181024498977,
			0.0,
			924.5,
			507.5,
			1.0
		],
		"width" : 1850
	},
	"version_major" : 1,
	"version_minor" : 0
}