{
	"class_name" : "PinholeCameraParameters",
	"extrinsic" : 
	[
		0.79398838659665283,
		0.11625809833264231,
		-0.59671307721695022,
		0.0,
		-0.067051111132134023,
		0.99230272057793578,
		0.10411272366801992,
		0.0,
		0.6042239571926874,
		-0.042654018634882891,
		0.79567207079845692,
		0.0,
		-29.635308239354337,
		6.1761380204027629,
		30.843644482954844,
		1.0
	],
	"intrinsic" : 
	{
		"height" : 1016,
		"intrinsic_matrix" : 
		[
			879.88181024498977,
			0.0,
			0.0,
			0.0,
			879.88181024498977,
			0.0,
			924.5,
			507.5,
			1.0
		],
		"width" : 1850
	},
	"version_major" : 1,
	"version_minor" : 0
}