{
	"class_name" : "PinholeCameraParameters",
	"extrinsic" : 
	[
		0.87202877413929591,
		0.089210827737118845,
		-0.48125590415866593,
		0.0,
		-0.05023388380140624,
		0.99436960137096841,
		0.093304087732361041,
		0.0,
		0.4868699764735383,
		-0.05718849607918898,
		0.87160031087927969,
		0.0,
		-28.541440506988309,
		7.0823918405202182,
		38.851635013031171,
		1.0
	],
	"intrinsic" : 
	{
		"height" : 1016,
		"intrinsic_matrix" : 
		[
			879.88181024498977,
			0.0,
			0.0,
			0.0,
			879.88181024498977,
			0.0,
			924.5,
			507.5,
			1.0
		],
		"width" : 1850
	},
	"version_major" : 1,
	"version_minor" : 0
}