{
	"class_name" : "PinholeCameraParameters",
	"extrinsic" : 
	[
		0.96170711077263027,
		-0.036763207296047803,
		-0.27160246626028262,
		0.0,
		0.029828082870888062,
		0.9991160834545133,
		-0.029619879384658421,
		0.0,
		0.27245131411246232,
		0.020384267752904354,
		0.96195361793933198,
		0.0,
		-29.533896441229416,
		7.5420220016011683,
		33.588280047115063,
		1.0
	],
	"intrinsic" : 
	{
		"height" : 1016,
		"intrinsic_matrix" : 
		[
			879.88181024498977,
			0.0,
			0.0,
			0.0,
			879.88181024498977,
			0.0,
			924.5,
			507.5,
			1.0
		],
		"width" : 1850
	},
	"version_major" : 1,
	"version_minor" : 0
}