{
	"class_name" : "PinholeCameraParameters",
	"extrinsic" : 
	[
		0.85048133009185678,
		0.44484690027674811,
		-0.28070044973130198,
		0.0,
		-0.30107125762546261,
		0.84927042716952728,
		0.43370017220092394,
		0.0,
		0.4313207681030542,
		-0.28434306189787301,
		0.85621925822392819,
		0.0,
		-20.18880661022499,
		20.337340921841928,
		57.186161861481693,
		1.0
	],
	"intrinsic" : 
	{
		"height" : 1016,
		"intrinsic_matrix" : 
		[
			879.88181024498977,
			0.0,
			0.0,
			0.0,
			879.88181024498977,
			0.0,
			924.5,
			507.5,
			1.0
		],
		"width" : 1850
	},
	"version_major" : 1,
	"version_minor" : 0
}