{
	"class_name" : "PinholeCameraParameters",
	"extrinsic" : 
	[
		0.8957535479721781,
		0.018018110467530626,
		-0.44418569201453895,
		0.0,
		0.0082720154016224789,
		0.99832972331889414,
		0.057178119059790991,
		0.0,
		0.44447402067663111,
		-0.054891813899707993,
		0.89410834562168673,
		0.0,
		-25.912447372503728,
		6.2855609859299486,
		37.361077256184601,
		1.0
	],
	"intrinsic" : 
	{
		"height" : 1016,
		"intrinsic_matrix" : 
		[
			879.88181024498977,
			0.0,
			0.0,
			0.0,
			879.88181024498977,
			0.0,
			924.5,
			507.5,
			1.0
		],
		"width" : 1850
	},
	"version_major" : 1,
	"version_minor" : 0
}