{
	"class_name" : "PinholeCameraParameters",
	"extrinsic" : 
	[
		0.97429954810387842,
		0.029157471144920743,
		-0.22336121516729709,
		0.0,
		0.21748026992646879,
		0.13652739017830556,
		0.96646914276856832,
		0.0,
		0.058674719916576835,
		-0.9902071064214466,
		0.1266773998595544,
		0.0,
		19.108396361843443,
		169.36667330442992,
		264.32347963128313,
		1.0
	],
	"intrinsic" : 
	{
		"height" : 1016,
		"intrinsic_matrix" : 
		[
			879.88181024498977,
			0.0,
			0.0,
			0.0,
			879.88181024498977,
			0.0,
			924.5,
			507.5,
			1.0
		],
		"width" : 1850
	},
	"version_major" : 1,
	"version_minor" : 0
}