{
	"class_name" : "PinholeCameraParameters",
	"extrinsic" : 
	[
		0.93020739100946825,
		0.052858087860303847,
		-0.36320824916170436,
		0.0,
		-0.0062508991818358076,
		0.99171362485902737,
		0.12831606496610962,
		0.0,
		0.36698111119072169,
		-0.11709017386920532,
		0.92282975418681779,
		0.0,
		-21.552846981088898,
		9.7962779175983279,
		51.892922432946165,
		1.0
	],
	"intrinsic" : 
	{
		"height" : 1016,
		"intrinsic_matrix" : 
		[
			879.88181024498977,
			0.0,
			0.0,
			0.0,
			879.88181024498977,
			0.0,
			924.5,
			507.5,
			1.0
		],
		"width" : 1850
	},
	"version_major" : 1,
	"version_minor" : 0
}