{
	"class_name" : "PinholeCameraParameters",
	"extrinsic" : 
	[
		0.91897359235133946,
		0.06278088199420459,
		-0.38928922078180356,
		0.0,
		-0.039429372101601939,
		0.99692655574247446,
		0.067696137785847668,
		0.0,
		0.39234278529947181,
		-0.046861533388023388,
		0.91862458899812593,
		0.0,
		-32.059911177559471,
		8.6615093212989027,
		32.194826100729969,
		1.0
	],
	"intrinsic" : 
	{
		"height" : 1016,
		"intrinsic_matrix" : 
		[
			879.88181024498977,
			0.0,
			0.0,
			0.0,
			879.88181024498977,
			0.0,
			924.5,
			507.5,
			1.0
		],
		"width" : 1850
	},
	"version_major" : 1,
	"version_minor" : 0
}