{
	"class_name" : "PinholeCameraParameters",
	"extrinsic" : 
	[
		0.78273784316536854,
		0.097450709460199708,
		-0.61467457089303035,
		0.0,
		-0.055942347791999456,
		0.99468347695571124,
		0.086459437858548135,
		0.0,
		0.6198321729309848,
		-0.033288735286894244,
		0.78402802086574241,
		0.0,
		-30.505613628995441,
		5.144389795265301,
		31.303557928068326,
		1.0
	],
	"intrinsic" : 
	{
		"height" : 1016,
		"intrinsic_matrix" : 
		[
			879.88181024498977,
			0.0,
			0.0,
			0.0,
			879.88181024498977,
			0.0,
			924.5,
			507.5,
			1.0
		],
		"width" : 1850
	},
	"version_major" : 1,
	"version_minor" : 0
}