{
	"class_name" : "PinholeCameraParameters",
	"extrinsic" : 
	[
		0.97039581680645559,
		0.033658247803068503,
		-0.23916329375420278,
		0.0,
		0.054496243635018551,
		0.93419043334226848,
		0.3525881360475101,
		0.0,
		0.23529155988731204,
		-0.35518355340107177,
		0.90470024054334353,
		0.0,
		-15.173504887956307,
		31.496277769680106,
		9.2244923456187493,
		1.0
	],
	"intrinsic" : 
	{
		"height" : 1016,
		"intrinsic_matrix" : 
		[
			879.88181024498977,
			0.0,
			0.0,
			0.0,
			879.88181024498977,
			0.0,
			924.5,
			507.5,
			1.0
		],
		"width" : 1850
	},
	"version_major" : 1,
	"version_minor" : 0
}