{
	"class_name" : "PinholeCameraParameters",
	"extrinsic" : 
	[
		0.81174309658007271,
		0.045016895963956596,
		-0.58227710261727217,
		0.0,
		-0.022777553882883224,
		0.9987065406041753,
		0.045457989325896786,
		0.0,
		0.58357032840413281,
		-0.023637360940073307,
		0.81171851461826439,
		0.0,
		-28.259279013037734,
		5.2383434028038414,
		29.860759997491016,
		1.0
	],
	"intrinsic" : 
	{
		"height" : 1016,
		"intrinsic_matrix" : 
		[
			879.88181024498977,
			0.0,
			0.0,
			0.0,
			879.88181024498977,
			0.0,
			924.5,
			507.5,
			1.0
		],
		"width" : 1850
	},
	"version_major" : 1,
	"version_minor" : 0
}