{
	"class_name" : "PinholeCameraParameters",
	"extrinsic" : 
	[
		0.98870848818240953,
		0.14847213534492623,
		0.020286705552455268,
		0.0,
		-0.075389268856405359,
		0.37583415293947936,
		0.92361525952398638,
		0.0,
		0.12950669302144482,
		-0.91471564680526918,
		0.38278362288931239,
		0.0,
		-40.264899033850305,
		125.28120377823394,
		397.72045551523172,
		1.0
	],
	"intrinsic" : 
	{
		"height" : 1016,
		"intrinsic_matrix" : 
		[
			879.88181024498977,
			0.0,
			0.0,
			0.0,
			879.88181024498977,
			0.0,
			924.5,
			507.5,
			1.0
		],
		"width" : 1850
	},
	"version_major" : 1,
	"version_minor" : 0
}