{
	"class_name" : "PinholeCameraParameters",
	"extrinsic" : 
	[
		0.99731697152607468,
		0.027519752240968885,
		0.06783451586511656,
		0.0,
		-0.028635218972740122,
		0.99946933319078779,
		0.0155266302057288,
		0.0,
		-0.067371229322629164,
		-0.017427428030490147,
		0.99757576264251724,
		0.0,
		5.632995058484167,
		2.6384489932217932,
		7.112099986688591,
		1.0
	],
	"intrinsic" : 
	{
		"height" : 643,
		"intrinsic_matrix" : 
		[
			556.85433463339405,
			0.0,
			0.0,
			0.0,
			556.85433463339405,
			0.0,
			539.5,
			321.0,
			1.0
		],
		"width" : 1080
	},
	"version_major" : 1,
	"version_minor" : 0
}