{
	"class_name" : "PinholeCameraParameters",
	"extrinsic" : 
	[
		0.92778378723861143,
		-0.010308314372556091,
		-0.37297584746465257,
		0.0,
		0.024351549991598956,
		0.99915996434341403,
		0.032960092024664579,
		0.0,
		0.37232277146339826,
		-0.039662379001570922,
		0.92725543920850095,
		0.0,
		-21.741927068713196,
		6.1608309148293845,
		31.372003013456624,
		1.0
	],
	"intrinsic" : 
	{
		"height" : 1016,
		"intrinsic_matrix" : 
		[
			879.88181024498977,
			0.0,
			0.0,
			0.0,
			879.88181024498977,
			0.0,
			924.5,
			507.5,
			1.0
		],
		"width" : 1850
	},
	"version_major" : 1,
	"version_minor" : 0
}