{
	"class_name" : "PinholeCameraParameters",
	"extrinsic" : 
	[
		0.99550512146232029,
		0.094683218892808799,
		0.002154345002012943,
		0.0,
		-0.094578073172627605,
		0.99269522041350666,
		0.074907859688637876,
		0.0,
		0.0049539092890711336,
		-0.074774911757059345,
		0.99718813237747661,
		0.0,
		5.7095830290312746,
		3.2725356115066684,
		7.1043208512784828,
		1.0
	],
	"intrinsic" : 
	{
		"height" : 699,
		"intrinsic_matrix" : 
		[
			605.35175724532269,
			0.0,
			0.0,
			0.0,
			605.35175724532269,
			0.0,
			492.0,
			349.0,
			1.0
		],
		"width" : 985
	},
	"version_major" : 1,
	"version_minor" : 0
}