{
	"class_name" : "PinholeCameraParameters",
	"extrinsic" : 
	[
		0.080125824159676257,
		0.20371649491550048,
		-0.97574558261981159,
		0.0,
		0.19612646967211725,
		0.95653537926384513,
		0.21581120478446936,
		0.0,
		0.97729947313844645,
		-0.20866158706363513,
		0.036688988639649166,
		0.0,
		-57.396922590383383,
		11.855594871077297,
		82.39425652542748,
		1.0
	],
	"intrinsic" : 
	{
		"height" : 698,
		"intrinsic_matrix" : 
		[
			604.48573184153815,
			0.0,
			0.0,
			0.0,
			604.48573184153815,
			0.0,
			484.0,
			348.5,
			1.0
		],
		"width" : 969
	},
	"version_major" : 1,
	"version_minor" : 0
}