{
	"class_name" : "PinholeCameraParameters",
	"extrinsic" : 
	[
		0.82754385137727071,
		0.12220929171649217,
		-0.54793801024005184,
		0.0,
		-0.017413042768224779,
		0.98113676870538313,
		0.19252902907331046,
		0.0,
		0.56113096509569482,
		-0.14978494621460783,
		0.81406173592563691,
		0.0,
		-30.334159223340883,
		10.296945424647898,
		16.66457316872204,
		1.0
	],
	"intrinsic" : 
	{
		"height" : 643,
		"intrinsic_matrix" : 
		[
			556.85433463339405,
			0.0,
			0.0,
			0.0,
			556.85433463339405,
			0.0,
			539.5,
			321.0,
			1.0
		],
		"width" : 1080
	},
	"version_major" : 1,
	"version_minor" : 0
}