{
	"class_name" : "PinholeCameraParameters",
	"extrinsic" : 
	[
		0.87089153175264056,
		0.22527090494711155,
		-0.43680769144538756,
		0.0,
		-0.19606632009978986,
		0.97422854600184472,
		0.11152012498943156,
		0.0,
		0.4506727615954465,
		-0.011478655820310379,
		0.89261542806322414,
		0.0,
		-23.441094854718642,
		4.6048908408201052,
		26.543792950998814,
		1.0
	],
	"intrinsic" : 
	{
		"height" : 1016,
		"intrinsic_matrix" : 
		[
			879.88181024498977,
			0.0,
			0.0,
			0.0,
			879.88181024498977,
			0.0,
			924.5,
			507.5,
			1.0
		],
		"width" : 1850
	},
	"version_major" : 1,
	"version_minor" : 0
}