{
	"class_name" : "PinholeCameraParameters",
	"extrinsic" : 
	[
		0.98564290697038603,
		-0.079124533573455988,
		0.14915551657833565,
		0.0,
		0.056989075311129095,
		0.98745803800204202,
		0.14723745610523273,
		0.0,
		-0.15893490879649311,
		-0.13662331928313307,
		0.97779024509038215,
		0.0,
		15.042667089902935,
		5.9027327248296988,
		13.106213034552363,
		1.0
	],
	"intrinsic" : 
	{
		"height" : 1016,
		"intrinsic_matrix" : 
		[
			879.88181024498977,
			0.0,
			0.0,
			0.0,
			879.88181024498977,
			0.0,
			924.5,
			507.5,
			1.0
		],
		"width" : 1850
	},
	"version_major" : 1,
	"version_minor" : 0
}