{
	"class_name" : "PinholeCameraParameters",
	"extrinsic" : 
	[
		0.99256605099380746,
		0.092890911578059329,
		0.078637859589104589,
		0.0,
		-0.10221342814738477,
		0.98696842925063621,
		0.12428087048653758,
		0.0,
		-0.066068521407081429,
		-0.13139481804367054,
		0.98912605479299387,
		0.0,
		10.221980492512802,
		-1.9502111873247208,
		11.871046615304293,
		1.0
	],
	"intrinsic" : 
	{
		"height" : 864,
		"intrinsic_matrix" : 
		[
			748.24594886975501,
			0.0,
			0.0,
			0.0,
			748.24594886975501,
			0.0,
			618.5,
			431.5,
			1.0
		],
		"width" : 1238
	},
	"version_major" : 1,
	"version_minor" : 0
}