{
	"class_name" : "PinholeCameraParameters",
	"extrinsic" : 
	[
		0.91341026677590287,
		0.19802391628553473,
		-0.35562369595868276,
		0.0,
		-0.12551743680401722,
		0.96813477205901555,
		0.21670356754882394,
		0.0,
		0.38720415494480903,
		-0.15330228866255616,
		0.90915969481950676,
		0.0,
		-19.096077545245286,
		12.17075550334798,
		51.333417333549228,
		1.0
	],
	"intrinsic" : 
	{
		"height" : 1016,
		"intrinsic_matrix" : 
		[
			879.88181024498977,
			0.0,
			0.0,
			0.0,
			879.88181024498977,
			0.0,
			924.5,
			507.5,
			1.0
		],
		"width" : 1850
	},
	"version_major" : 1,
	"version_minor" : 0
}