{
	"class_name" : "PinholeCameraParameters",
	"extrinsic" : 
	[
		0.9958812831707603,
		-0.062984368653180439,
		0.065218395683429714,
		0.0,
		0.05881810928473355,
		0.99621862649057236,
		0.063944337148857514,
		0.0,
		-0.068999274273931918,
		-0.059844945806624972,
		0.99582010554671618,
		0.0,
		9.8050749781970747,
		1.4625756894763993,
		7.5734672178799443,
		1.0
	],
	"intrinsic" : 
	{
		"height" : 698,
		"intrinsic_matrix" : 
		[
			604.48573184153815,
			0.0,
			0.0,
			0.0,
			604.48573184153815,
			0.0,
			484.0,
			348.5,
			1.0
		],
		"width" : 969
	},
	"version_major" : 1,
	"version_minor" : 0
}