{
	"class_name" : "PinholeCameraParameters",
	"extrinsic" : 
	[
		0.98416454494568018,
		0.17573300957553717,
		0.023196073318268645,
		0.0,
		-0.17709245161059162,
		0.96915175478609228,
		0.17141510953701944,
		0.0,
		0.0076427779251138769,
		-0.17280852276598588,
		0.98492578522700147,
		0.0,
		2.5665650306760543,
		17.962527404592052,
		3.3374493521720332,
		1.0
	],
	"intrinsic" : 
	{
		"height" : 1016,
		"intrinsic_matrix" : 
		[
			879.88181024498977,
			0.0,
			0.0,
			0.0,
			879.88181024498977,
			0.0,
			924.5,
			507.5,
			1.0
		],
		"width" : 1850
	},
	"version_major" : 1,
	"version_minor" : 0
}