{
	"class_name" : "PinholeCameraParameters",
	"extrinsic" : 
	[
		0.93475056662975964,
		0.018152570772650707,
		-0.35484061543133327,
		0.0,
		-0.007197800407428399,
		0.99945655398510247,
		0.032168126546611289,
		0.0,
		0.35523171290671429,
		-0.027515102590538916,
		0.93437323874070477,
		0.0,
		-20.892682606958928,
		5.4506560553043286,
		26.951999448748822,
		1.0
	],
	"intrinsic" : 
	{
		"height" : 1016,
		"intrinsic_matrix" : 
		[
			879.88181024498977,
			0.0,
			0.0,
			0.0,
			879.88181024498977,
			0.0,
			924.5,
			507.5,
			1.0
		],
		"width" : 1850
	},
	"version_major" : 1,
	"version_minor" : 0
}