{
	"class_name" : "PinholeCameraParameters",
	"extrinsic" : 
	[
		0.96655923119091036,
		0.25219174301842034,
		0.046503519791168756,
		0.0,
		-0.25482799879090084,
		0.96486870646605483,
		0.063961475238983212,
		0.0,
		-0.02873923506047487,
		-0.073672953217944648,
		0.99686827230697106,
		0.0,
		6.4879784896103265,
		3.8379050682725806,
		15.57950793236842,
		1.0
	],
	"intrinsic" : 
	{
		"height" : 690,
		"intrinsic_matrix" : 
		[
			597.55752861126268,
			0.0,
			0.0,
			0.0,
			597.55752861126268,
			0.0,
			539.5,
			344.5,
			1.0
		],
		"width" : 1080
	},
	"version_major" : 1,
	"version_minor" : 0
}