{
	"class_name" : "PinholeCameraParameters",
	"extrinsic" : 
	[
		0.72441167655158722,
		0.17852838659400372,
		0.66584933585298467,
		0.0,
		-0.27570445006479566,
		0.96030355315952876,
		0.042475192803010854,
		0.0,
		-0.63183445544714278,
		-0.21434715059763754,
		0.74487617758959546,
		0.0,
		11.251345529227166,
		10.543517222967914,
		302.93803013327584,
		1.0
	],
	"intrinsic" : 
	{
		"height" : 1016,
		"intrinsic_matrix" : 
		[
			879.88181024498977,
			0.0,
			0.0,
			0.0,
			879.88181024498977,
			0.0,
			924.5,
			507.5,
			1.0
		],
		"width" : 1850
	},
	"version_major" : 1,
	"version_minor" : 0
}