{
	"class_name" : "PinholeCameraParameters",
	"extrinsic" : 
	[
		-0.46762870534510825,
		0.17472066879422055,
		0.8664848999453818,
		0.0,
		0.28621903371091828,
		0.95738710150537165,
		-0.038582413256966763,
		0.0,
		-0.83630261190483324,
		0.22996222682702355,
		-0.49771007178266991,
		0.0,
		44.346931932375725,
		-22.723305298202057,
		182.06884106294723,
		1.0
	],
	"intrinsic" : 
	{
		"height" : 864,
		"intrinsic_matrix" : 
		[
			748.24594886975501,
			0.0,
			0.0,
			0.0,
			748.24594886975501,
			0.0,
			618.5,
			431.5,
			1.0
		],
		"width" : 1238
	},
	"version_major" : 1,
	"version_minor" : 0
}