{
	"class_name" : "PinholeCameraParameters",
	"extrinsic" : 
	[
		0.48759748123727781,
		0.21464751598818943,
		-0.846271315933113,
		0.0,
		0.13579255546563576,
		0.93886559029267258,
		0.31637285794534237,
		0.0,
		0.86244366666535099,
		-0.26917995327381178,
		0.42864096232666998,
		0.0,
		-50.185491907670276,
		7.3933166445106684,
		59.437576492377204,
		1.0
	],
	"intrinsic" : 
	{
		"height" : 864,
		"intrinsic_matrix" : 
		[
			748.24594886975501,
			0.0,
			0.0,
			0.0,
			748.24594886975501,
			0.0,
			618.5,
			431.5,
			1.0
		],
		"width" : 1238
	},
	"version_major" : 1,
	"version_minor" : 0
}