{
	"class_name" : "PinholeCameraParameters",
	"extrinsic" : 
	[
		0.98795082165516646,
		0.15442826334359033,
		-0.010251120502863462,
		0.0,
		-0.030676850390489691,
		0.26031455103307261,
		0.96503640624101295,
		0.0,
		0.15169741211042803,
		-0.95309403838295648,
		0.26191534731257432,
		0.0,
		-41.233886440186716,
		125.6206592916399,
		414.76530610776365,
		1.0
	],
	"intrinsic" : 
	{
		"height" : 1011,
		"intrinsic_matrix" : 
		[
			875.55168322606755,
			0.0,
			0.0,
			0.0,
			875.55168322606755,
			0.0,
			924.5,
			505.0,
			1.0
		],
		"width" : 1850
	},
	"version_major" : 1,
	"version_minor" : 0
}