{
	"class_name" : "PinholeCameraParameters",
	"extrinsic" : 
	[
		0.43037967599916005,
		0.24271256035622124,
		-0.86940436364915141,
		0.0,
		0.048563285987872296,
		0.95554996507102674,
		0.29080211743868034,
		0.0,
		0.9013406357980972,
		-0.1673764538341268,
		0.39946236488684927,
		0.0,
		-70.426239861062868,
		5.3675804095951083,
		32.692558211636964,
		1.0
	],
	"intrinsic" : 
	{
		"height" : 699,
		"intrinsic_matrix" : 
		[
			605.35175724532269,
			0.0,
			0.0,
			0.0,
			605.35175724532269,
			0.0,
			492.0,
			349.0,
			1.0
		],
		"width" : 985
	},
	"version_major" : 1,
	"version_minor" : 0
}