{
	"class_name" : "PinholeCameraParameters",
	"extrinsic" : 
	[
		0.93333646818393012,
		-0.011896233204605993,
		-0.35880568110537131,
		0.0,
		0.028238798082560374,
		0.99878686029040631,
		0.040340773345153319,
		0.0,
		0.35789049643822646,
		-0.047783756097383945,
		0.93254013597937213,
		0.0,
		-20.905772595217663,
		6.6242747896892817,
		35.089387706567855,
		1.0
	],
	"intrinsic" : 
	{
		"height" : 1016,
		"intrinsic_matrix" : 
		[
			879.88181024498977,
			0.0,
			0.0,
			0.0,
			879.88181024498977,
			0.0,
			924.5,
			507.5,
			1.0
		],
		"width" : 1850
	},
	"version_major" : 1,
	"version_minor" : 0
}