{
	"class_name" : "PinholeCameraParameters",
	"extrinsic" : 
	[
		0.94519560690997151,
		0.059000073919862832,
		-0.32112965598888787,
		0.0,
		-0.060604757493173927,
		0.99814928978394268,
		0.0050058638619619161,
		0.0,
		0.32083068439175877,
		0.014730464393957129,
		0.94702200891608324,
		0.0,
		-19.141830591115156,
		3.0073252755481921,
		26.103088667751294,
		1.0
	],
	"intrinsic" : 
	{
		"height" : 1016,
		"intrinsic_matrix" : 
		[
			879.88181024498977,
			0.0,
			0.0,
			0.0,
			879.88181024498977,
			0.0,
			924.5,
			507.5,
			1.0
		],
		"width" : 1850
	},
	"version_major" : 1,
	"version_minor" : 0
}