{
	"class_name" : "PinholeCameraParameters",
	"extrinsic" : 
	[
		0.86857490975922047,
		0.11096124570709526,
		0.48297539076840329,
		0.0,
		-0.11046658356563602,
		0.99343965849252469,
		-0.029576660555113057,
		0.0,
		-0.48308877036430747,
		-0.027663096091827117,
		0.87513427144782518,
		0.0,
		10.946782162182878,
		-12.549574390785297,
		121.10384901983984,
		1.0
	],
	"intrinsic" : 
	{
		"height" : 1016,
		"intrinsic_matrix" : 
		[
			879.88181024498977,
			0.0,
			0.0,
			0.0,
			879.88181024498977,
			0.0,
			924.5,
			507.5,
			1.0
		],
		"width" : 1850
	},
	"version_major" : 1,
	"version_minor" : 0
}