{
	"class_name" : "PinholeCameraParameters",
	"extrinsic" : 
	[
		0.95779666241551642,
		0.060052918128542056,
		-0.28110354051477904,
		0.0,
		0.0012596289789472066,
		0.97704679179826603,
		0.21302107870244061,
		0.0,
		0.28744384982207011,
		-0.20438496437106771,
		0.93573651181222206,
		0.0,
		-17.002497662957026,
		14.73203796977173,
		87.366519056889103,
		1.0
	],
	"intrinsic" : 
	{
		"height" : 1016,
		"intrinsic_matrix" : 
		[
			879.88181024498977,
			0.0,
			0.0,
			0.0,
			879.88181024498977,
			0.0,
			924.5,
			507.5,
			1.0
		],
		"width" : 1850
	},
	"version_major" : 1,
	"version_minor" : 0
}