{
	"class_name" : "PinholeCameraParameters",
	"extrinsic" : 
	[
		0.79407015490559429,
		0.099063496894129355,
		-0.59969910177630947,
		0.0,
		-0.076513177825690587,
		0.9950722877687902,
		0.063062474845191299,
		0.0,
		0.60299114645840357,
		-0.0041911451529335134,
		0.79773686864472249,
		0.0,
		-31.004048165523098,
		8.107894281099906,
		30.560789146041795,
		1.0
	],
	"intrinsic" : 
	{
		"height" : 1016,
		"intrinsic_matrix" : 
		[
			879.88181024498977,
			0.0,
			0.0,
			0.0,
			879.88181024498977,
			0.0,
			924.5,
			507.5,
			1.0
		],
		"width" : 1850
	},
	"version_major" : 1,
	"version_minor" : 0
}