{
	"class_name" : "PinholeCameraParameters",
	"extrinsic" : 
	[
		0.95648158100735969,
		0.12956879101209384,
		-0.26144772630360763,
		0.0,
		-0.040820350488389362,
		0.94661019061197915,
		0.31978562509211983,
		0.0,
		0.28892331885755923,
		-0.29519667244943182,
		0.91070425517569431,
		0.0,
		-23.585182781768381,
		14.029516508666205,
		311.1446443072295,
		1.0
	],
	"intrinsic" : 
	{
		"height" : 1016,
		"intrinsic_matrix" : 
		[
			879.88181024498977,
			0.0,
			0.0,
			0.0,
			879.88181024498977,
			0.0,
			924.5,
			507.5,
			1.0
		],
		"width" : 1850
	},
	"version_major" : 1,
	"version_minor" : 0
}