{
	"class_name" : "PinholeCameraParameters",
	"extrinsic" : 
	[
		0.88904054121297182,
		0.45712050186724379,
		0.025451185677399617,
		0.0,
		-0.32197775088373215,
		0.58474918591892466,
		0.74457955753768068,
		0.0,
		0.32548002091618411,
		-0.67015612833114802,
		0.6670483637972634,
		0.0,
		-70.305279627445969,
		94.368795518265856,
		353.94785517109221,
		1.0
	],
	"intrinsic" : 
	{
		"height" : 1016,
		"intrinsic_matrix" : 
		[
			879.88181024498977,
			0.0,
			0.0,
			0.0,
			879.88181024498977,
			0.0,
			924.5,
			507.5,
			1.0
		],
		"width" : 1850
	},
	"version_major" : 1,
	"version_minor" : 0
}