{
	"class_name" : "PinholeCameraParameters",
	"extrinsic" : 
	[
		0.94133961253851739,
		0.0018860127101750432,
		-0.33745544420247719,
		0.0,
		0.01927041692223222,
		0.99805220817691409,
		0.05933330249387251,
		0.0,
		0.33691005461024381,
		-0.0623556950826714,
		0.93946973468722217,
		0.0,
		-19.7610865147753,
		6.720927497418014,
		38.710538711499908,
		1.0
	],
	"intrinsic" : 
	{
		"height" : 1016,
		"intrinsic_matrix" : 
		[
			879.88181024498977,
			0.0,
			0.0,
			0.0,
			879.88181024498977,
			0.0,
			924.5,
			507.5,
			1.0
		],
		"width" : 1850
	},
	"version_major" : 1,
	"version_minor" : 0
}