{
	"class_name" : "PinholeCameraParameters",
	"extrinsic" : 
	[
		0.97985408896926418,
		0.083814164276326236,
		0.18127644688947997,
		0.0,
		-0.19796480670297448,
		0.28771856537129886,
		0.93703146289104711,
		0.0,
		0.026379909728188881,
		-0.95404046717492164,
		0.29851446758137196,
		0.0,
		-30.192836212393257,
		129.18881307044362,
		404.03387904896363,
		1.0
	],
	"intrinsic" : 
	{
		"height" : 1016,
		"intrinsic_matrix" : 
		[
			879.88181024498977,
			0.0,
			0.0,
			0.0,
			879.88181024498977,
			0.0,
			924.5,
			507.5,
			1.0
		],
		"width" : 1850
	},
	"version_major" : 1,
	"version_minor" : 0
}