{
	"class_name" : "PinholeCameraParameters",
	"extrinsic" : 
	[
		0.94966229987102713,
		0.29868320260509496,
		0.094497940111070572,
		0.0,
		-0.31185053224285136,
		0.93004662319124465,
		0.1943258197729103,
		0.0,
		-0.029845631900196318,
		-0.21401313784935513,
		0.97637473087147797,
		0.0,
		-24.130449841168659,
		-4.8869004752547198,
		125.48219490076929,
		1.0
	],
	"intrinsic" : 
	{
		"height" : 1080,
		"intrinsic_matrix" : 
		[
			935.30743608719376,
			0.0,
			0.0,
			0.0,
			935.30743608719376,
			0.0,
			539.5,
			539.5,
			1.0
		],
		"width" : 1080
	},
	"version_major" : 1,
	"version_minor" : 0
}