{
	"class_name" : "PinholeCameraParameters",
	"extrinsic" : 
	[
		0.99720219779564101,
		0.069984622124206641,
		-0.026266506765756911,
		0.0,
		-0.064166151327772161,
		0.98166377847654074,
		0.17949632600959453,
		0.0,
		0.038346860827517426,
		-0.177308710145027,
		0.98340792124701837,
		0.0,
		-11.723582824377527,
		-6.0175287560920907,
		119.8175347140555,
		1.0
	],
	"intrinsic" : 
	{
		"height" : 1016,
		"intrinsic_matrix" : 
		[
			879.88181024498977,
			0.0,
			0.0,
			0.0,
			879.88181024498977,
			0.0,
			924.5,
			507.5,
			1.0
		],
		"width" : 1850
	},
	"version_major" : 1,
	"version_minor" : 0
}