{
	"class_name" : "PinholeCameraParameters",
	"extrinsic" : 
	[
		0.92348723352291784,
		-0.038531726452535012,
		-0.38168918713630717,
		0.0,
		0.035329103749184437,
		0.99925710710507354,
		-0.015397672820233394,
		0.0,
		0.3819989318682282,
		0.00073481738316789023,
		0.92416247278005514,
		0.0,
		-22.249308141275172,
		3.870855562055131,
		27.366588500541685,
		1.0
	],
	"intrinsic" : 
	{
		"height" : 1016,
		"intrinsic_matrix" : 
		[
			879.88181024498977,
			0.0,
			0.0,
			0.0,
			879.88181024498977,
			0.0,
			924.5,
			507.5,
			1.0
		],
		"width" : 1850
	},
	"version_major" : 1,
	"version_minor" : 0
}