{
	"class_name" : "PinholeCameraParameters",
	"extrinsic" : 
	[
		0.9239531271316791,
		-0.02878186998463652,
		-0.38142131930947287,
		0.0,
		0.042249360044481071,
		0.99874274543507213,
		0.026979992895598326,
		0.0,
		0.38016524096690268,
		-0.041043055454025458,
		0.9240074984325477,
		0.0,
		-22.117911697096837,
		6.249390848050794,
		31.539434828277102,
		1.0
	],
	"intrinsic" : 
	{
		"height" : 1016,
		"intrinsic_matrix" : 
		[
			879.88181024498977,
			0.0,
			0.0,
			0.0,
			879.88181024498977,
			0.0,
			924.5,
			507.5,
			1.0
		],
		"width" : 1850
	},
	"version_major" : 1,
	"version_minor" : 0
}