{
	"class_name" : "PinholeCameraParameters",
	"extrinsic" : 
	[
		0.17435553702219769,
		0.15359876287861857,
		-0.97262920311486589,
		0.0,
		0.15379070067375586,
		0.97138952842067838,
		0.18097183333581868,
		0.0,
		0.97259887265818701,
		-0.18113476782995036,
		0.14574508151980192,
		0.0,
		-56.495483590666431,
		9.9158198489171188,
		71.931251799085715,
		1.0
	],
	"intrinsic" : 
	{
		"height" : 1016,
		"intrinsic_matrix" : 
		[
			879.88181024498977,
			0.0,
			0.0,
			0.0,
			879.88181024498977,
			0.0,
			924.5,
			507.5,
			1.0
		],
		"width" : 1850
	},
	"version_major" : 1,
	"version_minor" : 0
}